               epoch,      train/box_loss,      train/obj_loss,      train/cls_loss,   metrics/precision,      metrics/recall,     metrics/mAP_0.5,metrics/mAP_0.5:0.95,        val/box_loss,        val/obj_loss,        val/cls_loss,               x/lr0,               x/lr1,               x/lr2
                   0,             0.10752,            0.043389,                   0,             0.10216,             0.14124,            0.046278,            0.011699,            0.080368,            0.029231,                   0,              0.0748,              0.0028,              0.0028
                   1,            0.080385,            0.047958,                   0,             0.30588,             0.32045,             0.23373,            0.068151,            0.065892,             0.03887,                   0,            0.048677,           0.0056774,           0.0056774
                   2,            0.070936,             0.04197,                   0,             0.29045,             0.44304,             0.24122,            0.075238,            0.065522,            0.026856,                   0,            0.022532,           0.0085319,           0.0085319
                   3,            0.067918,            0.037642,                   0,             0.44183,             0.50415,             0.43169,             0.13681,             0.05917,            0.027616,                   0,           0.0098812,           0.0098812,           0.0098812
                   4,            0.062158,            0.037035,                   0,             0.57552,             0.63624,             0.57076,             0.17082,            0.055533,            0.023376,                   0,           0.0098812,           0.0098812,           0.0098812
                   5,            0.056999,            0.035037,                   0,             0.52165,             0.59427,             0.56567,              0.2435,            0.052498,            0.029899,                   0,           0.0098416,           0.0098416,           0.0098416
                   6,            0.053688,            0.035348,                   0,             0.76657,             0.75483,             0.79707,             0.33175,            0.042369,            0.019494,                   0,            0.009802,            0.009802,            0.009802
                   7,            0.051076,            0.034657,                   0,             0.78021,             0.70819,             0.80089,             0.33886,            0.042293,            0.019911,                   0,           0.0097624,           0.0097624,           0.0097624
                   8,            0.048861,            0.032527,                   0,             0.86328,             0.83011,             0.90368,             0.42942,            0.039046,            0.016091,                   0,           0.0097228,           0.0097228,           0.0097228
                   9,            0.047353,            0.031031,                   0,             0.87307,             0.84319,             0.90904,             0.43562,            0.038667,            0.016111,                   0,           0.0096832,           0.0096832,           0.0096832
                  10,            0.045186,            0.032063,                   0,             0.86767,             0.82878,             0.90462,             0.41298,              0.0411,            0.016442,                   0,           0.0096436,           0.0096436,           0.0096436
                  11,            0.048387,            0.031383,                   0,             0.89229,             0.82787,             0.92249,             0.43097,            0.039392,            0.015485,                   0,            0.009604,            0.009604,            0.009604
                  12,            0.044701,            0.031477,                   0,             0.87928,             0.82977,             0.91731,             0.45329,            0.035991,            0.015396,                   0,           0.0095644,           0.0095644,           0.0095644
                  13,            0.044439,            0.030624,                   0,             0.89191,             0.89141,             0.94117,             0.51804,            0.034834,            0.014873,                   0,           0.0095248,           0.0095248,           0.0095248
                  14,            0.043167,            0.032198,                   0,             0.90817,             0.89141,             0.94203,             0.47824,            0.035844,            0.014903,                   0,           0.0094852,           0.0094852,           0.0094852
                  15,            0.043994,            0.029906,                   0,             0.93042,              0.8994,             0.95158,             0.47758,            0.035873,            0.015041,                   0,           0.0094456,           0.0094456,           0.0094456
                  16,            0.041739,            0.028818,                   0,             0.90992,             0.90849,              0.9559,             0.53162,              0.0335,            0.014574,                   0,            0.009406,            0.009406,            0.009406
                  17,            0.042507,            0.029463,                   0,             0.90263,             0.88318,             0.95294,             0.47296,            0.036207,            0.014508,                   0,           0.0093664,           0.0093664,           0.0093664
                  18,            0.042963,            0.031496,                   0,             0.92053,             0.88742,             0.95277,             0.52887,            0.033684,            0.014528,                   0,           0.0093268,           0.0093268,           0.0093268
                  19,            0.040268,            0.026633,                   0,             0.92109,             0.89607,             0.95016,             0.47227,            0.035597,            0.013819,                   0,           0.0092872,           0.0092872,           0.0092872
                  20,            0.041552,            0.029457,                   0,             0.91956,             0.88608,             0.95134,             0.46693,            0.039222,            0.013904,                   0,           0.0092476,           0.0092476,           0.0092476
                  21,            0.040687,            0.030452,                   0,             0.87543,             0.88541,             0.94178,               0.533,            0.032815,             0.01463,                   0,            0.009208,            0.009208,            0.009208
                  22,            0.039619,            0.029803,                   0,             0.90556,             0.89438,             0.95258,             0.55397,            0.031877,            0.014324,                   0,           0.0091684,           0.0091684,           0.0091684
                  23,            0.038471,            0.028349,                   0,             0.94973,              0.9189,             0.97159,             0.58781,            0.030316,            0.013437,                   0,           0.0091288,           0.0091288,           0.0091288
                  24,            0.039268,            0.030187,                   0,             0.93553,             0.93071,             0.97651,             0.57367,            0.031155,            0.013423,                   0,           0.0090892,           0.0090892,           0.0090892
                  25,            0.039426,             0.02798,                   0,             0.92339,             0.89136,              0.9489,             0.50586,            0.032992,            0.014637,                   0,           0.0090496,           0.0090496,           0.0090496
                  26,            0.038641,            0.028432,                   0,             0.94339,             0.92405,             0.97025,              0.5702,            0.030857,            0.013304,                   0,             0.00901,             0.00901,             0.00901
                  27,            0.039253,             0.02757,                   0,             0.93329,             0.92277,             0.97226,             0.57215,            0.031001,            0.013191,                   0,           0.0089704,           0.0089704,           0.0089704
                  28,            0.037336,            0.028914,                   0,             0.95756,             0.92672,             0.97445,             0.59514,            0.029449,            0.012687,                   0,           0.0089308,           0.0089308,           0.0089308
                  29,            0.037374,            0.028809,                   0,              0.9591,             0.93729,             0.97769,             0.59901,             0.02937,            0.012504,                   0,           0.0088912,           0.0088912,           0.0088912
                  30,            0.037079,            0.027401,                   0,             0.93194,             0.92472,              0.9718,             0.55867,             0.03228,            0.013089,                   0,           0.0088516,           0.0088516,           0.0088516
                  31,            0.038571,            0.027937,                   0,             0.95607,             0.91336,             0.97654,             0.61985,             0.02855,            0.012817,                   0,            0.008812,            0.008812,            0.008812
                  32,            0.037318,            0.026413,                   0,             0.96574,              0.9389,             0.98401,             0.61844,             0.02925,            0.012269,                   0,           0.0087724,           0.0087724,           0.0087724
                  33,            0.035968,            0.023873,                   0,             0.96532,             0.93604,             0.98149,             0.62657,            0.027402,            0.012024,                   0,           0.0087328,           0.0087328,           0.0087328
                  34,            0.035411,            0.023382,                   0,             0.95841,             0.94137,             0.98011,             0.61828,            0.027687,            0.012175,                   0,           0.0086932,           0.0086932,           0.0086932
                  35,            0.035784,            0.024446,                   0,             0.96267,              0.9487,             0.98198,             0.61913,            0.028875,            0.012265,                   0,           0.0086536,           0.0086536,           0.0086536
                  36,            0.036287,            0.027924,                   0,             0.97122,             0.94435,             0.98349,             0.61403,            0.030253,            0.011896,                   0,            0.008614,            0.008614,            0.008614
                  37,            0.035366,            0.025794,                   0,             0.96352,             0.95336,             0.98417,             0.65303,            0.026696,            0.011747,                   0,           0.0085744,           0.0085744,           0.0085744
                  38,            0.036587,            0.025664,                   0,             0.95373,              0.9547,             0.98376,             0.64814,            0.027449,            0.011473,                   0,           0.0085348,           0.0085348,           0.0085348
                  39,            0.036742,            0.024674,                   0,             0.96999,             0.94733,             0.98316,             0.64125,            0.027307,            0.011647,                   0,           0.0084952,           0.0084952,           0.0084952
                  40,            0.035694,            0.027813,                   0,             0.97044,             0.95403,               0.985,             0.66204,             0.02636,            0.011549,                   0,           0.0084556,           0.0084556,           0.0084556
                  41,            0.035679,            0.024895,                   0,             0.98278,             0.93538,               0.986,             0.64004,            0.027429,             0.01154,                   0,            0.008416,            0.008416,            0.008416
                  42,            0.035506,            0.025562,                   0,             0.97107,             0.94337,             0.98729,             0.64737,            0.027155,            0.011563,                   0,           0.0083764,           0.0083764,           0.0083764
                  43,            0.035485,            0.026507,                   0,             0.96584,             0.95403,             0.98668,              0.6329,            0.028398,            0.011779,                   0,           0.0083368,           0.0083368,           0.0083368
                  44,            0.036161,            0.026675,                   0,             0.97536,             0.95336,             0.98838,             0.65624,            0.026568,            0.011426,                   0,           0.0082972,           0.0082972,           0.0082972
                  45,            0.033331,            0.025559,                   0,             0.96664,             0.94071,             0.98382,             0.66051,            0.025981,            0.011827,                   0,           0.0082576,           0.0082576,           0.0082576
                  46,            0.033543,            0.026459,                   0,             0.97035,             0.94604,             0.98284,             0.66194,             0.02666,            0.011326,                   0,            0.008218,            0.008218,            0.008218
                  47,            0.035153,            0.027126,                   0,             0.97472,             0.95028,             0.98356,             0.62277,            0.028691,              0.0115,                   0,           0.0081784,           0.0081784,           0.0081784
                  48,             0.03409,            0.023154,                   0,             0.97866,             0.95137,             0.98424,             0.67707,            0.025216,            0.010939,                   0,           0.0081388,           0.0081388,           0.0081388
                  49,            0.033286,             0.02417,                   0,             0.97141,             0.95869,             0.98712,             0.68421,            0.024699,            0.010678,                   0,           0.0080992,           0.0080992,           0.0080992
                  50,            0.033335,             0.02549,                   0,             0.98315,             0.95536,             0.98868,             0.67966,            0.025463,            0.010786,                   0,           0.0080596,           0.0080596,           0.0080596
                  51,            0.035865,            0.025189,                   0,             0.97828,             0.96009,             0.98672,             0.68264,            0.024869,            0.010875,                   0,             0.00802,             0.00802,             0.00802
                  52,            0.032807,            0.024742,                   0,             0.96943,             0.95075,             0.98573,              0.6595,            0.026655,             0.01107,                   0,           0.0079804,           0.0079804,           0.0079804
                  53,            0.031947,            0.022988,                   0,             0.97346,             0.95308,             0.98466,             0.68385,            0.024921,            0.010918,                   0,           0.0079408,           0.0079408,           0.0079408
                  54,            0.033171,            0.024756,                   0,             0.96846,             0.95603,              0.9891,             0.66486,            0.026613,            0.010784,                   0,           0.0079012,           0.0079012,           0.0079012
                  55,            0.035473,            0.024652,                   0,             0.97173,             0.96192,             0.98988,             0.67188,            0.025465,            0.010915,                   0,           0.0078616,           0.0078616,           0.0078616
                  56,            0.033172,            0.025106,                   0,              0.9802,             0.95936,             0.98947,             0.69706,            0.023733,            0.010331,                   0,            0.007822,            0.007822,            0.007822
                  57,            0.032467,            0.024783,                   0,             0.98147,             0.95275,             0.98768,             0.70959,            0.023385,            0.010388,                   0,           0.0077824,           0.0077824,           0.0077824
                  58,            0.031249,            0.023037,                   0,              0.9776,              0.9595,             0.98894,             0.70414,            0.024215,             0.01055,                   0,           0.0077428,           0.0077428,           0.0077428
                  59,            0.033952,            0.025798,                   0,             0.97597,             0.96069,             0.98995,             0.70464,            0.024439,            0.010656,                   0,           0.0077032,           0.0077032,           0.0077032
                  60,             0.03216,            0.025728,                   0,             0.98694,             0.95639,             0.99052,             0.72302,            0.023498,            0.010193,                   0,           0.0076636,           0.0076636,           0.0076636
                  61,            0.031477,            0.023305,                   0,             0.98437,             0.96336,             0.99012,             0.70484,            0.024805,            0.010376,                   0,            0.007624,            0.007624,            0.007624
                  62,            0.032194,            0.023899,                   0,              0.9815,             0.95459,             0.98971,             0.69138,             0.02553,            0.010378,                   0,           0.0075844,           0.0075844,           0.0075844
                  63,              0.0326,            0.025263,                   0,             0.98637,             0.96457,             0.99023,             0.72331,            0.023263,            0.010177,                   0,           0.0075448,           0.0075448,           0.0075448
                  64,            0.031901,            0.023253,                   0,             0.98813,             0.95736,             0.99151,              0.7232,            0.023929,            0.010335,                   0,           0.0075052,           0.0075052,           0.0075052
                  65,            0.030419,             0.02317,                   0,             0.98093,             0.95967,             0.98958,              0.7295,            0.022744,           0.0099488,                   0,           0.0074656,           0.0074656,           0.0074656
                  66,            0.030213,            0.022563,                   0,             0.98358,             0.96203,             0.99066,             0.73067,            0.023135,            0.010232,                   0,            0.007426,            0.007426,            0.007426
                  67,            0.031707,            0.023701,                   0,             0.97948,             0.95396,             0.98822,             0.71641,            0.023068,            0.010206,                   0,           0.0073864,           0.0073864,           0.0073864
                  68,            0.033042,            0.024842,                   0,             0.98229,             0.96081,             0.99094,              0.7095,            0.023831,            0.010113,                   0,           0.0073468,           0.0073468,           0.0073468
                  69,            0.031384,            0.023069,                   0,             0.98319,             0.96136,             0.99121,             0.72289,            0.022665,           0.0098387,                   0,           0.0073072,           0.0073072,           0.0073072
                  70,            0.031124,            0.022892,                   0,             0.98433,             0.96241,             0.98882,             0.72137,             0.02306,            0.010081,                   0,           0.0072676,           0.0072676,           0.0072676
                  71,             0.03171,            0.022734,                   0,             0.98572,             0.96546,             0.99209,             0.73082,            0.022608,           0.0099761,                   0,            0.007228,            0.007228,            0.007228
                  72,             0.03083,             0.02182,                   0,             0.98449,             0.96869,             0.99174,             0.73848,            0.022802,           0.0098204,                   0,           0.0071884,           0.0071884,           0.0071884
                  73,            0.031008,             0.02231,                   0,             0.98189,             0.97135,             0.99151,             0.72831,            0.022947,            0.010008,                   0,           0.0071488,           0.0071488,           0.0071488
                  74,            0.030464,            0.021973,                   0,             0.98114,             0.97056,             0.99082,              0.7473,            0.021672,           0.0096631,                   0,           0.0071092,           0.0071092,           0.0071092
                  75,              0.0312,            0.022338,                   0,             0.98333,             0.96136,             0.99062,             0.69599,            0.024406,            0.010475,                   0,           0.0070696,           0.0070696,           0.0070696
                  76,            0.031239,            0.022184,                   0,             0.98706,             0.96578,             0.99202,             0.72933,            0.022708,           0.0098309,                   0,             0.00703,             0.00703,             0.00703
                  77,            0.029133,             0.02227,                   0,             0.98579,             0.96003,              0.9917,             0.74352,            0.021841,            0.009624,                   0,           0.0069904,           0.0069904,           0.0069904
                  78,            0.031645,            0.022175,                   0,             0.98602,             0.96336,             0.99148,             0.74075,            0.022014,           0.0098075,                   0,           0.0069508,           0.0069508,           0.0069508
                  79,            0.030891,            0.023039,                   0,             0.98202,             0.97268,             0.99091,             0.71359,            0.023586,           0.0097992,                   0,           0.0069112,           0.0069112,           0.0069112
                  80,            0.030485,             0.02444,                   0,             0.98709,             0.96869,             0.99145,             0.75093,            0.021443,           0.0096129,                   0,           0.0068716,           0.0068716,           0.0068716
                  81,            0.030835,            0.024024,                   0,             0.98542,             0.96669,             0.99174,             0.73117,            0.022372,           0.0097194,                   0,            0.006832,            0.006832,            0.006832
                  82,            0.029913,            0.021449,                   0,             0.98709,             0.96812,             0.99217,             0.75554,            0.021681,           0.0095199,                   0,           0.0067924,           0.0067924,           0.0067924
                  83,            0.030691,             0.02411,                   0,             0.98642,             0.96766,             0.98992,             0.75533,            0.021233,           0.0093975,                   0,           0.0067528,           0.0067528,           0.0067528
                  84,            0.029984,            0.022956,                   0,             0.98949,             0.97002,             0.99098,             0.76104,            0.020946,           0.0092347,                   0,           0.0067132,           0.0067132,           0.0067132
                  85,            0.029412,            0.022715,                   0,             0.99161,             0.96136,             0.99227,             0.76974,             0.02046,           0.0091705,                   0,           0.0066736,           0.0066736,           0.0066736
                  86,            0.029188,            0.021536,                   0,             0.98839,             0.96382,             0.99131,             0.75954,             0.02096,           0.0091783,                   0,            0.006634,            0.006634,            0.006634
                  87,            0.031108,            0.023497,                   0,             0.98486,             0.97069,             0.99159,             0.76272,            0.021406,           0.0092299,                   0,           0.0065944,           0.0065944,           0.0065944
                  88,            0.030426,            0.023447,                   0,             0.97288,             0.98004,             0.99222,             0.74849,            0.021668,           0.0092498,                   0,           0.0065548,           0.0065548,           0.0065548
                  89,            0.028639,            0.021144,                   0,             0.98709,             0.96793,             0.99162,              0.7656,            0.020675,           0.0091228,                   0,           0.0065152,           0.0065152,           0.0065152
                  90,            0.029299,            0.022513,                   0,             0.98405,             0.97069,             0.99156,             0.76933,            0.020655,           0.0091065,                   0,           0.0064756,           0.0064756,           0.0064756
                  91,            0.028849,            0.021888,                   0,             0.98504,             0.97335,             0.99243,             0.76768,            0.020479,           0.0092667,                   0,            0.006436,            0.006436,            0.006436
                  92,            0.029741,            0.022713,                   0,             0.98446,             0.97069,             0.99057,             0.74927,            0.021156,           0.0093792,                   0,           0.0063964,           0.0063964,           0.0063964
                  93,            0.029348,            0.023501,                   0,             0.98791,             0.96869,             0.99177,             0.72506,            0.022791,           0.0094072,                   0,           0.0063568,           0.0063568,           0.0063568
                  94,              0.0284,            0.022024,                   0,             0.99227,             0.97002,             0.99221,             0.76997,            0.020147,           0.0089274,                   0,           0.0063172,           0.0063172,           0.0063172
                  95,            0.029945,            0.021533,                   0,             0.98521,             0.97603,             0.99303,              0.7679,            0.020487,           0.0089299,                   0,           0.0062776,           0.0062776,           0.0062776
                  96,            0.028511,            0.020216,                   0,              0.9871,              0.9688,             0.99218,             0.76918,            0.020379,           0.0089111,                   0,            0.006238,            0.006238,            0.006238
                  97,            0.028353,             0.02064,                   0,             0.98782,             0.97237,              0.9923,             0.77519,            0.020072,           0.0088485,                   0,           0.0061984,           0.0061984,           0.0061984
                  98,            0.028464,            0.020391,                   0,             0.98513,             0.97079,             0.99293,             0.75979,            0.020799,           0.0090384,                   0,           0.0061588,           0.0061588,           0.0061588
                  99,            0.028352,            0.022392,                   0,             0.99121,             0.97202,             0.99403,              0.7773,            0.020268,           0.0089561,                   0,           0.0061192,           0.0061192,           0.0061192
                 100,            0.027452,             0.02063,                   0,             0.99053,             0.97402,             0.99375,             0.76485,            0.020124,           0.0089409,                   0,           0.0060796,           0.0060796,           0.0060796
                 101,            0.028582,             0.01964,                   0,             0.99402,             0.96736,             0.99253,             0.78015,            0.019719,           0.0087966,                   0,             0.00604,             0.00604,             0.00604
                 102,            0.028869,            0.022484,                   0,             0.98852,             0.97529,             0.99379,              0.7702,            0.020412,           0.0089434,                   0,           0.0060004,           0.0060004,           0.0060004
                 103,            0.029497,            0.021251,                   0,              0.9815,             0.98068,             0.99318,             0.78091,            0.019491,           0.0089539,                   0,           0.0059608,           0.0059608,           0.0059608
                 104,            0.029013,            0.022253,                   0,             0.99297,             0.96869,             0.99373,             0.76599,              0.0198,           0.0089332,                   0,           0.0059212,           0.0059212,           0.0059212
                 105,            0.027754,            0.021279,                   0,             0.99252,             0.97183,             0.99312,             0.77268,            0.019668,           0.0087838,                   0,           0.0058816,           0.0058816,           0.0058816
                 106,            0.028671,            0.021943,                   0,             0.98562,             0.97535,             0.99217,             0.77727,            0.019909,           0.0087761,                   0,            0.005842,            0.005842,            0.005842
                 107,            0.027535,            0.022532,                   0,             0.98914,             0.97132,             0.99337,             0.76053,            0.020663,           0.0088904,                   0,           0.0058024,           0.0058024,           0.0058024
                 108,            0.027176,            0.022394,                   0,             0.99162,             0.97402,             0.99297,             0.77854,            0.019361,           0.0087407,                   0,           0.0057628,           0.0057628,           0.0057628
                 109,            0.026887,              0.0195,                   0,             0.99337,             0.97402,              0.9932,              0.7481,            0.021581,           0.0091291,                   0,           0.0057232,           0.0057232,           0.0057232
                 110,            0.027305,             0.01903,                   0,             0.99114,             0.96888,             0.99216,             0.77101,            0.019609,           0.0086879,                   0,           0.0056836,           0.0056836,           0.0056836
                 111,             0.02797,            0.021204,                   0,             0.99112,             0.96712,             0.99268,             0.78417,            0.019146,           0.0086368,                   0,            0.005644,            0.005644,            0.005644
                 112,            0.028436,            0.022169,                   0,              0.9923,             0.97002,             0.99326,             0.74577,            0.020939,           0.0088224,                   0,           0.0056044,           0.0056044,           0.0056044
                 113,            0.027505,            0.021178,                   0,              0.9918,             0.97135,             0.99257,             0.79308,            0.019045,           0.0085823,                   0,           0.0055648,           0.0055648,           0.0055648
                 114,            0.026029,            0.021034,                   0,             0.99183,             0.97468,             0.99288,             0.79476,            0.019318,           0.0084645,                   0,           0.0055252,           0.0055252,           0.0055252
                 115,            0.026648,            0.019973,                   0,             0.99321,             0.97397,             0.99385,             0.78598,            0.019378,           0.0085816,                   0,           0.0054856,           0.0054856,           0.0054856
                 116,            0.026627,            0.019251,                   0,              0.9958,             0.97268,             0.99332,             0.79213,            0.018879,           0.0086869,                   0,            0.005446,            0.005446,            0.005446
                 117,            0.027302,            0.021187,                   0,             0.99479,             0.97335,             0.99228,             0.79415,            0.018781,           0.0085424,                   0,           0.0054064,           0.0054064,           0.0054064
                 118,            0.027382,            0.019916,                   0,             0.99116,             0.97157,             0.99298,             0.77526,            0.019743,            0.008503,                   0,           0.0053668,           0.0053668,           0.0053668
                 119,             0.02667,            0.019814,                   0,             0.99055,             0.97776,             0.99338,             0.79674,            0.018522,           0.0084625,                   0,           0.0053272,           0.0053272,           0.0053272
                 120,            0.026547,            0.020683,                   0,             0.98991,             0.98065,              0.9927,             0.79154,            0.018287,           0.0083792,                   0,           0.0052876,           0.0052876,           0.0052876
                 121,            0.027147,             0.01982,                   0,             0.99274,             0.98068,             0.99318,             0.79424,            0.018746,           0.0083172,                   0,            0.005248,            0.005248,            0.005248
                 122,            0.026676,            0.020189,                   0,             0.99098,             0.97535,             0.99272,             0.78619,            0.018951,           0.0083712,                   0,           0.0052084,           0.0052084,           0.0052084
                 123,            0.027468,            0.020922,                   0,             0.99191,             0.97983,             0.99214,              0.7982,            0.018466,            0.008291,                   0,           0.0051688,           0.0051688,           0.0051688
                 124,            0.026488,            0.019587,                   0,              0.9919,              0.9794,             0.99331,             0.77688,             0.01948,           0.0085296,                   0,           0.0051292,           0.0051292,           0.0051292
                 125,            0.026698,            0.020768,                   0,             0.99321,             0.97451,             0.99374,             0.79972,            0.018588,           0.0084335,                   0,           0.0050896,           0.0050896,           0.0050896
                 126,             0.02713,            0.021156,                   0,             0.98878,             0.97801,             0.99379,             0.79547,            0.018665,           0.0082557,                   0,             0.00505,             0.00505,             0.00505
                 127,            0.026524,            0.021638,                   0,             0.98891,             0.97602,             0.99271,             0.76282,            0.020368,           0.0085418,                   0,           0.0050104,           0.0050104,           0.0050104
                 128,            0.026899,            0.019962,                   0,             0.99251,              0.9713,             0.99387,             0.79789,            0.018205,           0.0081316,                   0,           0.0049708,           0.0049708,           0.0049708
                 129,            0.026822,            0.019532,                   0,             0.98855,             0.97779,             0.99308,             0.80053,            0.018054,           0.0082636,                   0,           0.0049312,           0.0049312,           0.0049312
                 130,            0.027214,            0.020438,                   0,             0.98956,             0.97468,             0.99204,             0.80608,            0.018039,           0.0082929,                   0,           0.0048916,           0.0048916,           0.0048916
                 131,            0.024851,            0.018917,                   0,             0.99088,             0.97801,             0.99314,             0.80899,            0.017652,           0.0079457,                   0,            0.004852,            0.004852,            0.004852
                 132,            0.026634,            0.020042,                   0,             0.98657,             0.97902,             0.99216,             0.78831,            0.019206,           0.0084849,                   0,           0.0048124,           0.0048124,           0.0048124
                 133,            0.025178,            0.019508,                   0,             0.98112,             0.97135,             0.99198,             0.72891,            0.022347,           0.0090298,                   0,           0.0047728,           0.0047728,           0.0047728
                 134,            0.025009,            0.019401,                   0,             0.98658,              0.9794,             0.99382,             0.81108,            0.017973,           0.0080558,                   0,           0.0047332,           0.0047332,           0.0047332
                 135,            0.026217,            0.020318,                   0,             0.99458,             0.97799,             0.99412,              0.8165,            0.017709,           0.0079144,                   0,           0.0046936,           0.0046936,           0.0046936
                 136,            0.024803,            0.020435,                   0,             0.99312,             0.97602,              0.9936,             0.81056,            0.017692,           0.0081525,                   0,            0.004654,            0.004654,            0.004654
                 137,            0.026588,            0.019338,                   0,             0.99388,             0.97935,             0.99398,             0.79019,             0.01872,           0.0081953,                   0,           0.0046144,           0.0046144,           0.0046144
                 138,            0.025611,            0.019594,                   0,             0.99125,               0.981,             0.99408,             0.81349,            0.017747,           0.0080113,                   0,           0.0045748,           0.0045748,           0.0045748
                 139,            0.024758,            0.018994,                   0,             0.99191,             0.98057,             0.99413,             0.81538,             0.01768,           0.0080378,                   0,           0.0045352,           0.0045352,           0.0045352
                 140,            0.025797,            0.018977,                   0,             0.99325,             0.98101,             0.99353,             0.80685,            0.017912,           0.0080617,                   0,           0.0044956,           0.0044956,           0.0044956
                 141,            0.025578,            0.019401,                   0,             0.99124,             0.97967,             0.99331,             0.82401,            0.017284,           0.0079028,                   0,            0.004456,            0.004456,            0.004456
                 142,            0.025709,            0.020225,                   0,             0.99124,             0.97983,             0.99364,             0.81538,             0.01766,           0.0079251,                   0,           0.0044164,           0.0044164,           0.0044164
                 143,             0.02463,            0.018501,                   0,             0.99272,             0.97801,              0.9941,             0.81034,            0.018077,           0.0079858,                   0,           0.0043768,           0.0043768,           0.0043768
                 144,            0.024821,              0.0184,                   0,             0.99324,              0.9789,             0.99442,             0.82144,            0.017547,           0.0079264,                   0,           0.0043372,           0.0043372,           0.0043372
                 145,             0.02536,            0.017915,                   0,             0.99123,             0.97936,             0.99361,             0.81653,            0.017974,           0.0079024,                   0,           0.0042976,           0.0042976,           0.0042976
                 146,            0.025447,            0.020081,                   0,             0.99123,             0.97848,             0.99413,             0.81803,            0.017733,           0.0078255,                   0,            0.004258,            0.004258,            0.004258
                 147,            0.026184,            0.019148,                   0,             0.98401,             0.98401,             0.99417,             0.81118,            0.017706,           0.0079121,                   0,           0.0042184,           0.0042184,           0.0042184
                 148,            0.025346,            0.018353,                   0,             0.99053,             0.97535,             0.99359,             0.81309,            0.017414,           0.0078482,                   0,           0.0041788,           0.0041788,           0.0041788
                 149,            0.026094,            0.019361,                   0,             0.99158,             0.97735,             0.99405,             0.81873,            0.017836,           0.0077727,                   0,           0.0041392,           0.0041392,           0.0041392
                 150,            0.025512,            0.019026,                   0,             0.99068,             0.97935,             0.99365,             0.82943,            0.017081,           0.0077921,                   0,           0.0040996,           0.0040996,           0.0040996
                 151,            0.025578,            0.020052,                   0,             0.98856,             0.97869,             0.99354,             0.80967,            0.017796,           0.0081151,                   0,             0.00406,             0.00406,             0.00406
                 152,            0.025302,            0.018637,                   0,             0.99255,              0.9759,             0.99387,             0.80266,            0.018067,           0.0080547,                   0,           0.0040204,           0.0040204,           0.0040204
                 153,            0.023881,            0.017829,                   0,             0.99122,             0.97807,             0.99408,             0.83229,            0.016458,            0.007691,                   0,           0.0039808,           0.0039808,           0.0039808
                 154,            0.024112,            0.018305,                   0,             0.98853,             0.97639,             0.99372,             0.80997,            0.017247,           0.0079237,                   0,           0.0039412,           0.0039412,           0.0039412
                 155,            0.026384,            0.021219,                   0,             0.99322,             0.97616,             0.99312,             0.82842,            0.016366,           0.0077428,                   0,           0.0039016,           0.0039016,           0.0039016
                 156,            0.024141,            0.018166,                   0,             0.99232,             0.97735,             0.99354,             0.80922,            0.018064,           0.0078622,                   0,            0.003862,            0.003862,            0.003862
                 157,             0.02451,            0.018846,                   0,             0.99384,             0.97735,             0.99409,              0.8332,            0.016479,           0.0076915,                   0,           0.0038224,           0.0038224,           0.0038224
                 158,            0.024582,            0.019357,                   0,             0.99058,             0.98045,             0.99426,             0.83102,            0.016691,           0.0075797,                   0,           0.0037828,           0.0037828,           0.0037828
                 159,            0.024237,            0.018924,                   0,             0.99129,              0.9856,             0.99443,             0.82593,            0.017605,           0.0078192,                   0,           0.0037432,           0.0037432,           0.0037432
                 160,            0.024067,            0.017448,                   0,             0.98928,             0.98361,              0.9943,             0.81125,            0.018654,           0.0079142,                   0,           0.0037036,           0.0037036,           0.0037036
                 161,            0.025469,            0.019521,                   0,             0.99131,             0.98401,             0.99422,             0.83006,            0.016656,           0.0075996,                   0,            0.003664,            0.003664,            0.003664
                 162,            0.024392,            0.018851,                   0,             0.99327,             0.98313,             0.99451,             0.83368,            0.016414,           0.0075739,                   0,           0.0036244,           0.0036244,           0.0036244
                 163,            0.024706,            0.020006,                   0,             0.99326,             0.98224,             0.99458,             0.83587,            0.016153,           0.0073534,                   0,           0.0035848,           0.0035848,           0.0035848
                 164,            0.023088,            0.018536,                   0,             0.99401,             0.98401,             0.99451,              0.8356,            0.016359,           0.0073775,                   0,           0.0035452,           0.0035452,           0.0035452
                 165,            0.023268,            0.019096,                   0,             0.99393,             0.98133,             0.99399,             0.83979,            0.015897,           0.0073371,                   0,           0.0035056,           0.0035056,           0.0035056
                 166,            0.023807,             0.01749,                   0,             0.99327,             0.98283,             0.99441,             0.82575,            0.016572,           0.0074581,                   0,            0.003466,            0.003466,            0.003466
                 167,            0.024477,            0.017772,                   0,              0.9921,             0.98401,             0.99431,             0.82397,            0.017324,           0.0076052,                   0,           0.0034264,           0.0034264,           0.0034264
                 168,            0.023398,            0.019227,                   0,             0.99527,             0.98109,             0.99386,             0.83605,             0.01676,           0.0074253,                   0,           0.0033868,           0.0033868,           0.0033868
                 169,            0.023823,            0.018633,                   0,             0.99615,             0.98001,              0.9938,             0.84265,            0.016186,           0.0072924,                   0,           0.0033472,           0.0033472,           0.0033472
                 170,            0.023681,             0.01947,                   0,             0.99603,             0.98001,             0.99431,             0.84432,            0.016131,           0.0074122,                   0,           0.0033076,           0.0033076,           0.0033076
                 171,               0.024,            0.019985,                   0,             0.99374,             0.98135,             0.99438,             0.83216,            0.016484,           0.0073993,                   0,            0.003268,            0.003268,            0.003268
                 172,            0.023682,            0.017854,                   0,             0.99391,             0.97897,             0.99414,             0.82476,            0.016616,           0.0074489,                   0,           0.0032284,           0.0032284,           0.0032284
                 173,            0.023928,            0.017586,                   0,             0.99409,             0.98068,              0.9943,             0.84587,            0.015915,           0.0073873,                   0,           0.0031888,           0.0031888,           0.0031888
                 174,             0.02396,            0.019535,                   0,             0.99526,             0.97977,             0.99396,             0.85053,            0.015734,           0.0073124,                   0,           0.0031492,           0.0031492,           0.0031492
                 175,            0.024771,            0.020702,                   0,             0.99079,             0.98268,              0.9942,              0.8514,             0.01588,           0.0071987,                   0,           0.0031096,           0.0031096,           0.0031096
                 176,             0.02418,            0.019698,                   0,             0.99592,             0.97588,              0.9938,             0.83438,            0.016682,           0.0074274,                   0,             0.00307,             0.00307,             0.00307
                 177,            0.023946,            0.019152,                   0,             0.99557,             0.97735,             0.99415,             0.83551,             0.01646,           0.0072916,                   0,           0.0030304,           0.0030304,           0.0030304
                 178,             0.02269,             0.01918,                   0,             0.99393,             0.98155,             0.99458,             0.83805,            0.016696,           0.0072605,                   0,           0.0029908,           0.0029908,           0.0029908
                 179,            0.023791,            0.016556,                   0,             0.99602,             0.97935,             0.99459,             0.84559,            0.016309,           0.0072616,                   0,           0.0029512,           0.0029512,           0.0029512
                 180,            0.023732,            0.017869,                   0,             0.99435,             0.98334,              0.9946,             0.84224,            0.016691,           0.0073874,                   0,           0.0029116,           0.0029116,           0.0029116
                 181,            0.023213,            0.017814,                   0,             0.99149,             0.98534,             0.99469,             0.84777,            0.015624,           0.0072801,                   0,            0.002872,            0.002872,            0.002872
                 182,            0.023174,            0.016337,                   0,             0.99394,             0.98297,             0.99461,             0.84621,            0.015952,           0.0072484,                   0,           0.0028324,           0.0028324,           0.0028324
                 183,            0.023286,            0.018363,                   0,             0.99527,             0.98177,             0.99431,               0.843,            0.016193,           0.0073056,                   0,           0.0027928,           0.0027928,           0.0027928
                 184,            0.022203,            0.017254,                   0,             0.99482,             0.98001,             0.99456,             0.84437,            0.016288,           0.0072551,                   0,           0.0027532,           0.0027532,           0.0027532
                 185,            0.022185,            0.016469,                   0,              0.9906,             0.98246,             0.99458,             0.83016,            0.016604,           0.0074031,                   0,           0.0027136,           0.0027136,           0.0027136
                 186,            0.023565,            0.018951,                   0,             0.99258,             0.98075,             0.99447,              0.8384,            0.016364,           0.0072505,                   0,            0.002674,            0.002674,            0.002674
                 187,            0.023863,            0.018466,                   0,             0.99218,             0.98334,             0.99444,             0.84474,            0.016062,           0.0071108,                   0,           0.0026344,           0.0026344,           0.0026344
                 188,            0.022727,            0.018112,                   0,             0.99393,             0.98136,             0.99465,             0.85372,            0.015611,            0.006984,                   0,           0.0025948,           0.0025948,           0.0025948
                 189,            0.022461,              0.0171,                   0,             0.99567,             0.98268,             0.99474,             0.85788,            0.015564,           0.0070255,                   0,           0.0025552,           0.0025552,           0.0025552
                 190,            0.023164,            0.016946,                   0,             0.99387,             0.98268,             0.99452,             0.84536,            0.016364,           0.0070867,                   0,           0.0025156,           0.0025156,           0.0025156
                 191,            0.023296,            0.017783,                   0,             0.99394,             0.98423,             0.99473,             0.85166,            0.015764,           0.0070892,                   0,            0.002476,            0.002476,            0.002476
                 192,            0.022413,            0.017976,                   0,             0.99119,             0.98668,             0.99472,              0.8489,            0.015579,           0.0070714,                   0,           0.0024364,           0.0024364,           0.0024364
                 193,            0.022345,            0.016702,                   0,             0.99328,             0.98416,              0.9946,             0.85163,            0.015469,           0.0070997,                   0,           0.0023968,           0.0023968,           0.0023968
                 194,            0.023407,            0.017537,                   0,             0.99393,             0.98468,             0.99473,             0.84931,            0.015553,           0.0071116,                   0,           0.0023572,           0.0023572,           0.0023572
                 195,            0.022009,            0.016806,                   0,             0.99246,             0.98201,             0.99457,             0.85149,            0.015682,           0.0070537,                   0,           0.0023176,           0.0023176,           0.0023176
                 196,            0.022275,            0.018168,                   0,             0.99229,             0.98268,             0.99436,             0.86049,            0.015265,           0.0069421,                   0,            0.002278,            0.002278,            0.002278
                 197,            0.022074,            0.017377,                   0,             0.99044,             0.98801,             0.99474,             0.85472,            0.015859,           0.0069555,                   0,           0.0022384,           0.0022384,           0.0022384
                 198,             0.02323,            0.017368,                   0,             0.99595,             0.98374,             0.99471,              0.8538,            0.015694,           0.0070097,                   0,           0.0021988,           0.0021988,           0.0021988
                 199,            0.021946,             0.01662,                   0,             0.99461,             0.98262,             0.99452,             0.83979,            0.016366,           0.0070172,                   0,           0.0021592,           0.0021592,           0.0021592
                 200,            0.022221,            0.016104,                   0,             0.99213,             0.98135,             0.99434,             0.83759,            0.016241,           0.0069822,                   0,           0.0021196,           0.0021196,           0.0021196
                 201,            0.022715,            0.017184,                   0,             0.99191,             0.98079,             0.99441,             0.83442,            0.016695,           0.0070435,                   0,             0.00208,             0.00208,             0.00208
                 202,            0.022154,            0.017182,                   0,             0.99228,             0.98068,             0.99415,             0.83245,            0.016425,           0.0070452,                   0,           0.0020404,           0.0020404,           0.0020404
                 203,            0.022645,             0.01794,                   0,             0.99357,             0.98135,             0.99454,             0.84692,            0.015674,           0.0069577,                   0,           0.0020008,           0.0020008,           0.0020008
                 204,            0.022291,            0.018166,                   0,             0.98899,             0.98468,             0.99442,              0.8454,            0.015765,           0.0071242,                   0,           0.0019612,           0.0019612,           0.0019612
                 205,            0.022056,            0.016987,                   0,             0.98993,             0.98244,             0.99446,             0.85297,            0.015347,           0.0069793,                   0,           0.0019216,           0.0019216,           0.0019216
                 206,            0.021409,            0.017981,                   0,             0.99181,             0.98068,             0.99434,              0.8571,            0.015422,           0.0069054,                   0,            0.001882,            0.001882,            0.001882
                 207,            0.022483,            0.016609,                   0,             0.99379,             0.97935,             0.99444,             0.86209,            0.015038,            0.006829,                   0,           0.0018424,           0.0018424,           0.0018424
                 208,            0.021995,            0.017694,                   0,             0.98863,             0.98485,             0.99445,              0.8597,            0.015473,           0.0067888,                   0,           0.0018028,           0.0018028,           0.0018028
                 209,            0.022191,            0.018604,                   0,             0.99461,             0.98314,             0.99449,              0.8622,            0.014937,           0.0067749,                   0,           0.0017632,           0.0017632,           0.0017632
                 210,            0.020982,            0.016561,                   0,             0.99327,              0.9831,              0.9942,             0.86045,            0.015131,           0.0067401,                   0,           0.0017236,           0.0017236,           0.0017236
                 211,            0.021035,            0.016266,                   0,             0.99261,             0.98439,             0.99409,             0.85671,            0.015333,           0.0068759,                   0,            0.001684,            0.001684,            0.001684
                 212,             0.02144,            0.016732,                   0,             0.99528,             0.98348,              0.9946,             0.83927,            0.016447,           0.0070799,                   0,           0.0016444,           0.0016444,           0.0016444
                 213,              0.0233,            0.018391,                   0,             0.99461,             0.98392,             0.99457,             0.85693,            0.015344,           0.0068383,                   0,           0.0016048,           0.0016048,           0.0016048
                 214,            0.022333,            0.017911,                   0,             0.99296,             0.98601,             0.99469,             0.86986,            0.014636,           0.0066838,                   0,           0.0015652,           0.0015652,           0.0015652
                 215,            0.021396,            0.017104,                   0,             0.99395,             0.98526,             0.99466,             0.87069,            0.014621,           0.0066222,                   0,           0.0015256,           0.0015256,           0.0015256
                 216,            0.022867,            0.016327,                   0,             0.99485,             0.98334,             0.99445,             0.86796,            0.014957,           0.0066736,                   0,            0.001486,            0.001486,            0.001486
                 217,             0.02221,            0.017981,                   0,             0.99439,             0.98468,             0.99448,             0.86336,            0.015177,           0.0068123,                   0,           0.0014464,           0.0014464,           0.0014464
                 218,             0.02072,            0.015813,                   0,             0.99462,             0.98501,             0.99447,             0.87225,            0.014397,            0.006625,                   0,           0.0014068,           0.0014068,           0.0014068
                 219,            0.022825,            0.018613,                   0,             0.99533,             0.98334,             0.99452,              0.8664,             0.01442,           0.0066237,                   0,           0.0013672,           0.0013672,           0.0013672
                 220,            0.021633,             0.01671,                   0,             0.99554,             0.98334,             0.99469,             0.86574,            0.014735,           0.0066448,                   0,           0.0013276,           0.0013276,           0.0013276
                 221,            0.022262,            0.017531,                   0,             0.99797,              0.9819,             0.99451,             0.85798,            0.015352,           0.0067182,                   0,            0.001288,            0.001288,            0.001288
                 222,            0.021341,            0.017822,                   0,             0.99651,             0.98201,             0.99466,             0.85829,            0.015318,           0.0066239,                   0,           0.0012484,           0.0012484,           0.0012484
                 223,            0.020902,            0.016305,                   0,              0.9946,             0.98207,             0.99451,             0.87132,            0.014707,           0.0065721,                   0,           0.0012088,           0.0012088,           0.0012088
                 224,            0.021439,            0.015769,                   0,             0.99461,             0.98288,             0.99449,             0.86537,             0.01503,            0.006626,                   0,           0.0011692,           0.0011692,           0.0011692
                 225,            0.021322,            0.016606,                   0,             0.99327,             0.98534,             0.99475,             0.87049,            0.014635,           0.0065917,                   0,           0.0011296,           0.0011296,           0.0011296
                 226,            0.021509,            0.015956,                   0,             0.99485,             0.98601,             0.99472,             0.87359,            0.014406,           0.0064696,                   0,             0.00109,             0.00109,             0.00109
                 227,             0.02247,            0.017261,                   0,              0.9946,             0.98257,              0.9942,              0.8823,            0.013875,           0.0064047,                   0,           0.0010504,           0.0010504,           0.0010504
                 228,            0.021374,            0.016459,                   0,             0.99461,             0.98276,             0.99463,             0.87643,            0.014465,           0.0065088,                   0,           0.0010108,           0.0010108,           0.0010108
                 229,            0.021082,            0.016427,                   0,              0.9973,             0.98296,             0.99435,             0.87141,            0.014482,           0.0065147,                   0,           0.0009712,           0.0009712,           0.0009712
                 230,            0.021544,            0.015965,                   0,              0.9946,             0.98157,             0.99456,             0.87382,            0.014465,           0.0064459,                   0,           0.0009316,           0.0009316,           0.0009316
                 231,            0.021585,            0.016082,                   0,             0.99535,             0.98201,             0.99428,             0.87443,            0.014497,           0.0064739,                   0,            0.000892,            0.000892,            0.000892
                 232,            0.021533,            0.016095,                   0,             0.99713,             0.98001,              0.9944,             0.86979,            0.014576,           0.0064878,                   0,           0.0008524,           0.0008524,           0.0008524
                 233,            0.021443,            0.016889,                   0,             0.99665,             0.98068,             0.99443,             0.86658,             0.01477,            0.006487,                   0,           0.0008128,           0.0008128,           0.0008128
                 234,            0.020993,            0.016537,                   0,             0.99744,             0.98001,              0.9939,             0.87138,            0.014349,           0.0064437,                   0,           0.0007732,           0.0007732,           0.0007732
                 235,            0.021275,            0.015385,                   0,             0.99527,             0.98229,             0.99459,             0.87132,            0.014486,           0.0064116,                   0,           0.0007336,           0.0007336,           0.0007336
                 236,            0.020184,            0.016446,                   0,             0.99411,             0.98601,              0.9942,             0.86689,            0.014769,           0.0064463,                   0,            0.000694,            0.000694,            0.000694
                 237,            0.021084,            0.015498,                   0,             0.99438,             0.98334,             0.99403,              0.8671,            0.014873,           0.0064047,                   0,           0.0006544,           0.0006544,           0.0006544
                 238,            0.021025,            0.017002,                   0,             0.99661,             0.98063,             0.99395,             0.87393,            0.014456,           0.0063707,                   0,           0.0006148,           0.0006148,           0.0006148
                 239,            0.020074,            0.015321,                   0,             0.99661,             0.97871,             0.99419,             0.87107,            0.014438,           0.0064351,                   0,           0.0005752,           0.0005752,           0.0005752
                 240,            0.020932,            0.017781,                   0,             0.99465,             0.98201,              0.9945,              0.8716,              0.0144,           0.0064376,                   0,           0.0005356,           0.0005356,           0.0005356
                 241,            0.020399,            0.016335,                   0,             0.99729,             0.98026,             0.99459,               0.866,            0.014789,            0.006438,                   0,            0.000496,            0.000496,            0.000496
                 242,            0.021845,             0.01733,                   0,             0.99554,             0.98268,             0.99455,              0.8667,             0.01448,           0.0063899,                   0,           0.0004564,           0.0004564,           0.0004564
                 243,            0.021226,            0.016628,                   0,             0.99447,             0.98468,             0.99441,             0.86896,            0.014462,           0.0063945,                   0,           0.0004168,           0.0004168,           0.0004168
                 244,            0.020725,            0.017164,                   0,             0.99446,             0.98468,             0.99463,             0.86961,            0.014407,           0.0063672,                   0,           0.0003772,           0.0003772,           0.0003772
                 245,            0.020335,            0.016432,                   0,             0.99511,             0.98334,             0.99445,             0.87235,            0.014373,           0.0063489,                   0,           0.0003376,           0.0003376,           0.0003376
                 246,            0.020866,            0.016943,                   0,             0.99564,             0.98201,             0.99463,              0.8711,            0.014471,           0.0063336,                   0,            0.000298,            0.000298,            0.000298
                 247,            0.021613,            0.015374,                   0,              0.9958,             0.98268,             0.99463,             0.87357,             0.01433,           0.0063165,                   0,           0.0002584,           0.0002584,           0.0002584
                 248,            0.021117,             0.01596,                   0,             0.99543,             0.98334,             0.99471,             0.87749,            0.014122,           0.0062954,                   0,           0.0002188,           0.0002188,           0.0002188
                 249,            0.020292,            0.016295,                   0,             0.99582,             0.98268,             0.99465,             0.87555,            0.014269,           0.0063138,                   0,           0.0001792,           0.0001792,           0.0001792
